FEATURE,VALUE
Achillťen Droit : [ ACHILEEN_D ] [ STATIC ],aboli ou diminue (22)
Achillťen Droit : [ ACHILEEN_D ] [ STATIC ],normal (13)
Achillťen Droit : [ ACHILEEN_D ] [ STATIC ],present dans un muscle atrophie (3)
Achillťen Droit : [ ACHILEEN_D ] [ STATIC ],"vif, diffuse, polycinetique (28)"
Achillťen Gauche : [ ACHILEEN_G ] [ STATIC ],aboli ou diminue (21)
Achillťen Gauche : [ ACHILEEN_G ] [ STATIC ],normal (15)
Achillťen Gauche : [ ACHILEEN_G ] [ STATIC ],present dans un muscle atrophie (2)
Achillťen Gauche : [ ACHILEEN_G ] [ STATIC ],"vif, diffuse, polycinetique (28)"
Activitť ou emploi physique intense (Actuellement ou antťrieurement) : [ ACTINT ] [ STATIC ],Non (102)
Activitť ou emploi physique intense (Actuellement ou antťrieurement) : [ ACTINT ] [ STATIC ],Oui (105)
Alimentation par chambre implantable : [ TTT_ALIM ] [ STATIC ],Non (32)
Antťcťdents familiaux neurologiques notables : [ AT_FAMIL ] [ STATIC ],Non (305)
Antťcťdents familiaux neurologiques notables : [ AT_FAMIL ] [ STATIC ],Oui (277)
Appareils de communication : [ TTT_APPCOM ] [ STATIC ],Non (31)
Appareils de communication : [ TTT_APPCOM ] [ STATIC ],Oui (2)
Asthme : [ ASTHME_PP ] [ STATIC ],Non (25)
Asthme : [ ASTHME_PP ] [ STATIC ],Oui (4)
Atrophie :  [ ATROPHIE ] [ STATIC ],absente (2)
Atrophie :  [ ATROPHIE ] [ STATIC ],presente (53)
Autre : [ AUTRE1 ] [ STATIC ],Non (35)
Autre : [ AUTRE1 ] [ STATIC ],Oui (1)
Autre : [ TTT_AUTRE ] [ STATIC ],Non (30)
Autre : [ TTT_AUTRE ] [ STATIC ],Oui (8)
Bicipital Droit : [ BICIPITAL_D ] [ STATIC ],aboli ou diminue (9)
Bicipital Droit : [ BICIPITAL_D ] [ STATIC ],normal (14)
Bicipital Droit : [ BICIPITAL_D ] [ STATIC ],present dans un muscle atrophie (6)
Bicipital Droit : [ BICIPITAL_D ] [ STATIC ],"vif, diffuse, polycinetique (37)"
Bicipital Gauche : [ BICIPITAL_G ] [ STATIC ],aboli ou diminue (9)
Bicipital Gauche : [ BICIPITAL_G ] [ STATIC ],normal (14)
Bicipital Gauche : [ BICIPITAL_G ] [ STATIC ],present dans un muscle atrophie (7)
Bicipital Gauche : [ BICIPITAL_G ] [ STATIC ],"vif, diffuse, polycinetique (36)"
Cause du dťcŤs : [ CAUSDCDMERE ] [ STATIC ],La cause du deces n'est pas connue (8)
Cause du dťcŤs : [ CAUSDCDMERE ] [ STATIC ],Mort accidentelle (31)
Cause du dťcŤs : [ CAUSDCDMERE ] [ STATIC ],Mort liee a une maladie neurodegenerative (40)
Cause du dťcŤs : [ CAUSDCDMERE ] [ STATIC ],Mort naturelle (241)
Cause du dťcŤs : [ CAUSDCDPERE ] [ STATIC ],La cause du deces n'est pas connue (8)
Cause du dťcŤs : [ CAUSDCDPERE ] [ STATIC ],Mort accidentelle (67)
Cause du dťcŤs : [ CAUSDCDPERE ] [ STATIC ],Mort liee a une maladie neurodegenerative (31)
Cause du dťcŤs : [ CAUSDCDPERE ] [ STATIC ],Mort naturelle (270)
Complťments alimentaires : [ TTT_COMPLAL ] [ STATIC ],Non (23)
Complťments alimentaires : [ TTT_COMPLAL ] [ STATIC ],Oui (21)
Confirmation par certificat de dťcŤs : [ CONFCERTDCD ] [ STATIC ],Non (94)
Confirmation par certificat de dťcŤs : [ CONFCERTDCD ] [ STATIC ],Oui (68)
Dťtail de la cause du dťcŤs : [ DET_DCD ] [ STATIC ],? (1)
Dťtail de la cause du dťcŤs : [ DET_DCD ] [ STATIC ],A domicile (1)
Dťtail de la cause du dťcŤs : [ DET_DCD ] [ STATIC ],A domicile sans autre information (1)
Dťtail de la cause du dťcŤs : [ DET_DCD ] [ STATIC ],Chute avec traumatisme cranien et hemorragie sous arachnoidienne. (1)
Dťtail de la cause du dťcŤs : [ DET_DCD ] [ STATIC ],Deces a l''USP (1)
Dťtail de la cause du dťcŤs : [ DET_DCD ] [ STATIC ],Deces au SSR les Buissonnets (1)
Dťtail de la cause du dťcŤs : [ DET_DCD ] [ STATIC ],Deces dans l''ambulance au RAD de la CMD (1)
Dťtail de la cause du dťcŤs : [ DET_DCD ] [ STATIC ],Deces en USP (Luynes) (1)
Dťtail de la cause du dťcŤs : [ DET_DCD ] [ STATIC ],Deces en reanimation (1)
Dťtail de la cause du dťcŤs : [ DET_DCD ] [ STATIC ],Echec de VNI. Deces non au CHU dans la semaine du 13/03/2020 (1)
Dťtail de la cause du dťcŤs : [ DET_DCD ] [ STATIC ],En USP (1)
Dťtail de la cause du dťcŤs : [ DET_DCD ] [ STATIC ],Hemorragie cerebrale (1)
Dťtail de la cause du dťcŤs : [ DET_DCD ] [ STATIC ],Sedation (1)
Dťtail de la cause du dťcŤs : [ DET_DCD ] [ STATIC ],Sedation phase terminale (1)
Dťtail de la cause du dťcŤs : [ DET_DCD ] [ STATIC ],Suite d''une pneumopathie en hospitalisation de repit (1)
Dťtail de la cause du dťcŤs : [ DET_DCD ] [ STATIC ],"VNI mal toleree, sedation profonde (1)"
Dťtail de la cause du dťcŤs : [ DET_DCD ] [ STATIC ],acutisation par une pneumopathie de deglutition (1)
Dťtail de la cause du dťcŤs : [ DET_DCD ] [ STATIC ],aggravation d''une insuffisance respiratoire (1)
Dťtail de la cause du dťcŤs : [ DET_DCD ] [ STATIC ],"choc anaphylactique / choc cardio-pulmonaire en decubitus, masse, intube puis LATA. CH Chateauroux (1)"
Dťtail de la cause du dťcŤs : [ DET_DCD ] [ STATIC ],complications hemodynamiques d''une infection urinaire (1)
Dťtail de la cause du dťcŤs : [ DET_DCD ] [ STATIC ],covid+ mais asymptomatique avec toutefois aggravation bulbaire et respiratoire (1)
Dťtail de la cause du dťcŤs : [ DET_DCD ] [ STATIC ],dans les semaines suivant un covid oxygeno-dependant (1)
Dťtail de la cause du dťcŤs : [ DET_DCD ] [ STATIC ],"deces a domicile, PEC medicamenteuse HAD (1)"
Dťtail de la cause du dťcŤs : [ DET_DCD ] [ STATIC ],deces au domicile (1)
Dťtail de la cause du dťcŤs : [ DET_DCD ] [ STATIC ],"deces en USP, contexte pneumopathie d''inhalation (1)"
Dťtail de la cause du dťcŤs : [ DET_DCD ] [ STATIC ],deces en milieu de soins palliatifs (1)
Dťtail de la cause du dťcŤs : [ DET_DCD ] [ STATIC ],deces en milieu hospitalier (2)
Dťtail de la cause du dťcŤs : [ DET_DCD ] [ STATIC ],deces en neuro HC (1)
Dťtail de la cause du dťcŤs : [ DET_DCD ] [ STATIC ],deces sous vni (1)
Dťtail de la cause du dťcŤs : [ DET_DCD ] [ STATIC ],details non connus (1)
Dťtail de la cause du dťcŤs : [ DET_DCD ] [ STATIC ],detresse respiratoire a domicile sur fausse route (1)
Dťtail de la cause du dťcŤs : [ DET_DCD ] [ STATIC ],detresse respiratoire malgre VNI necessitant sedation (1)
Dťtail de la cause du dťcŤs : [ DET_DCD ] [ STATIC ],detresse respiratoire subaigue en rapport avec une decompensation de l''insuffisance restrictive chronique par une pneumopathie d''inhalation (1)
Dťtail de la cause du dťcŤs : [ DET_DCD ] [ STATIC ],embolie pulmonaire (1)
Dťtail de la cause du dťcŤs : [ DET_DCD ] [ STATIC ],en USP (1)
Dťtail de la cause du dťcŤs : [ DET_DCD ] [ STATIC ],"encombrement, detresse respiratoire subaigue (1)"
Dťtail de la cause du dťcŤs : [ DET_DCD ] [ STATIC ],pas d''information supplementaire (1)
Dťtail de la cause du dťcŤs : [ DET_DCD ] [ STATIC ],sedation USP Blois (1)
Dťtail de la cause du dťcŤs : [ DET_DCD ] [ STATIC ],soins palliatifs a domicile (1)
Dťtail de la cause du dťcŤs : [ DET_DCD ] [ STATIC ],uhcd trousseau (1)
Ergothťrapie : [ TTT_ERGO ] [ STATIC ],Non (27)
Ergothťrapie : [ TTT_ERGO ] [ STATIC ],Oui (6)
Essai Clinique non mťdicamenteux nį 1 : [ EC1 ] [ STATIC ],Non (25)
Essai Clinique non mťdicamenteux nį 1 : [ EC1 ] [ STATIC ],Oui (95)
Etude de biologie molťculaire : [ ETUDE_BIOMOL ] [ STATIC ],Non (1)
Etude de biologie molťculaire : [ ETUDE_BIOMOL ] [ STATIC ],Oui (735)
Fauteuil roulant : [ TTT_FAUTEUIL ] [ STATIC ],Non (28)
Fauteuil roulant : [ TTT_FAUTEUIL ] [ STATIC ],Oui (145)
GAZOMETRIE_PP [ STATIC ],Arterielle (470)
GAZOMETRIE_PP [ STATIC ],Capillaire arterialise (1)
Gastrostomie : [ TTT_GASTRO ] [ STATIC ],Non (26)
Gastrostomie : [ TTT_GASTRO ] [ STATIC ],Oui (179)
Kinťsithťrapie : [ TTT_KINE ] [ STATIC ],Non (13)
Kinťsithťrapie : [ TTT_KINE ] [ STATIC ],Oui (35)
Langue : [ LANGUE ] [ STATIC ],nulle (23)
Langue : [ LANGUE ] [ STATIC ],presente (23)
Langue : [ LANGUE ] [ STATIC ],tres abondantes (8)
Lieu de dťbut : [ LIEUDEB ] [ STATIC ],Bulbar (307)
Lieu de dťbut : [ LIEUDEB ] [ STATIC ],Respiratory (22)
Lieu de dťbut : [ LIEUDEB ] [ STATIC ],Spinal (579)
Liste des ťvaluations complťmentaires possibles : [ MODUL_OPTION ] [ STATIC ],Echelle fonctionnelle bulbaire (3)
Liste des ťvaluations complťmentaires possibles : [ MODUL_OPTION ] [ STATIC ],Echelle fonctionnelle bulbaire | Neurologique (2)
Liste des ťvaluations complťmentaires possibles : [ MODUL_OPTION ] [ STATIC ],Neurologique (25)
Liste des ťvaluations complťmentaires possibles : [ MODUL_OPTION ] [ STATIC ],Testing musculaire (41)
Liste des ťvaluations complťmentaires possibles : [ MODUL_OPTION ] [ STATIC ],Testing musculaire | Echelle fonctionnelle bulbaire (2)
Liste des ťvaluations complťmentaires possibles : [ MODUL_OPTION ] [ STATIC ],Testing musculaire | Echelle fonctionnelle bulbaire | Neurologique (5)
Liste des ťvaluations complťmentaires possibles : [ MODUL_OPTION ] [ STATIC ],Testing musculaire | Neurologique (38)
Lit mťdicalisť : [ TTT_LIT ] [ STATIC ],Non (29)
Lit mťdicalisť : [ TTT_LIT ] [ STATIC ],Oui (5)
Membre infťrieur : [ MEMBRE_INF ] [ STATIC ],nulle (21)
Membre infťrieur : [ MEMBRE_INF ] [ STATIC ],presente (24)
Membre infťrieur : [ MEMBRE_INF ] [ STATIC ],tres abondantes (7)
Membre infťrieur D : [ MEMBRE_INF_D ] [ STATIC ],Absence d'hypertonie (13)
Membre infťrieur D : [ MEMBRE_INF_D ] [ STATIC ],Hypertonie juste detectable (6)
Membre infťrieur D : [ MEMBRE_INF_D ] [ STATIC ],Hypertonie marquee mais facilement corrigee (5)
Membre infťrieur D : [ MEMBRE_INF_D ] [ STATIC ],Hypertonie marquee mais tres difficile a corriger (3)
Membre infťrieur G : [ MEMBRE_INF_G ] [ STATIC ],Absence d'hypertonie (13)
Membre infťrieur G : [ MEMBRE_INF_G ] [ STATIC ],Hypertonie juste detectable (5)
Membre infťrieur G : [ MEMBRE_INF_G ] [ STATIC ],Hypertonie marquee mais facilement corrigee (7)
Membre infťrieur G : [ MEMBRE_INF_G ] [ STATIC ],Hypertonie marquee mais tres difficile a corriger (2)
Membre supťrieur : [ MEMBRE_SUP ] [ STATIC ],nulle (16)
Membre supťrieur : [ MEMBRE_SUP ] [ STATIC ],presente (30)
Membre supťrieur : [ MEMBRE_SUP ] [ STATIC ],tres abondantes (7)
Membre supťrieur D : [ MEMBRE_SUP_D ] [ STATIC ],Absence d'hypertonie (21)
Membre supťrieur D : [ MEMBRE_SUP_D ] [ STATIC ],Hypertonie juste detectable (4)
Membre supťrieur D : [ MEMBRE_SUP_D ] [ STATIC ],Hypertonie marquee mais facilement corrigee (2)
Membre supťrieur G : [ MEMBRE_SUP_G ] [ STATIC ],Absence d'hypertonie (20)
Membre supťrieur G : [ MEMBRE_SUP_G ] [ STATIC ],Hypertonie juste detectable (6)
Membre supťrieur G : [ MEMBRE_SUP_G ] [ STATIC ],Hypertonie marquee mais facilement corrigee (1)
Orthophonie : [ TTT_ORTHO ] [ STATIC ],Non (21)
Orthophonie : [ TTT_ORTHO ] [ STATIC ],Oui (16)
Oxygťnothťrapie : [ TTT_OXY ] [ STATIC ],Non (46)
Oxygťnothťrapie : [ TTT_OXY ] [ STATIC ],Oui (9)
PEMAX_PP [ STATIC ],Soutenu 1 seconde (34)
Prise en charge non mťdicamenteuse : [ TTT_TEMPLATE ] [ STATIC ],Autre (1)
Prise en charge non mťdicamenteuse : [ TTT_TEMPLATE ] [ STATIC ],Autre | Gastrostomie (2)
Prise en charge non mťdicamenteuse : [ TTT_TEMPLATE ] [ STATIC ],Complements alimentaires (10)
Prise en charge non mťdicamenteuse : [ TTT_TEMPLATE ] [ STATIC ],Ergotherapie | Autre | Orthophonie | Gastrostomie (1)
Prise en charge non mťdicamenteuse : [ TTT_TEMPLATE ] [ STATIC ],Fauteuil roulant (119)
Prise en charge non mťdicamenteuse : [ TTT_TEMPLATE ] [ STATIC ],Fauteuil roulant | Complements alimentaires | Kinesitherapie | Ergotherapie (1)
Prise en charge non mťdicamenteuse : [ TTT_TEMPLATE ] [ STATIC ],Fauteuil roulant | Ergotherapie | Kinesitherapie | Soins infirmiers | Complements alimentaires | Lit medicalise (1)
Prise en charge non mťdicamenteuse : [ TTT_TEMPLATE ] [ STATIC ],Fauteuil roulant | Gastrostomie (6)
Prise en charge non mťdicamenteuse : [ TTT_TEMPLATE ] [ STATIC ],Fauteuil roulant | Kinesitherapie (4)
Prise en charge non mťdicamenteuse : [ TTT_TEMPLATE ] [ STATIC ],Fauteuil roulant | Lit medicalise (1)
Prise en charge non mťdicamenteuse : [ TTT_TEMPLATE ] [ STATIC ],Fauteuil roulant | Sonde naso-gastrique (4)
Prise en charge non mťdicamenteuse : [ TTT_TEMPLATE ] [ STATIC ],Gastrostomie (146)
Prise en charge non mťdicamenteuse : [ TTT_TEMPLATE ] [ STATIC ],Gastrostomie | Autre (4)
Prise en charge non mťdicamenteuse : [ TTT_TEMPLATE ] [ STATIC ],Gastrostomie | Complements alimentaires (2)
Prise en charge non mťdicamenteuse : [ TTT_TEMPLATE ] [ STATIC ],Gastrostomie | Fauteuil roulant (5)
Prise en charge non mťdicamenteuse : [ TTT_TEMPLATE ] [ STATIC ],Gastrostomie | Kinesitherapie (1)
Prise en charge non mťdicamenteuse : [ TTT_TEMPLATE ] [ STATIC ],Gastrostomie | Kinesitherapie | Complements alimentaires (1)
Prise en charge non mťdicamenteuse : [ TTT_TEMPLATE ] [ STATIC ],Gastrostomie | Kinesitherapie | Soins infirmiers (1)
Prise en charge non mťdicamenteuse : [ TTT_TEMPLATE ] [ STATIC ],Kinesitherapie (9)
Prise en charge non mťdicamenteuse : [ TTT_TEMPLATE ] [ STATIC ],Kinesitherapie | Complements alimentaires | Fauteuil roulant (1)
Prise en charge non mťdicamenteuse : [ TTT_TEMPLATE ] [ STATIC ],Kinesitherapie | Fauteuil roulant (1)
Prise en charge non mťdicamenteuse : [ TTT_TEMPLATE ] [ STATIC ],Kinesitherapie | Gastrostomie (2)
Prise en charge non mťdicamenteuse : [ TTT_TEMPLATE ] [ STATIC ],Kinesitherapie | Gastrostomie | Complements alimentaires (1)
Prise en charge non mťdicamenteuse : [ TTT_TEMPLATE ] [ STATIC ],Kinesitherapie | Gastrostomie | Ergotherapie | Fauteuil roulant | Lit medicalise | Appareils de communication (1)
Prise en charge non mťdicamenteuse : [ TTT_TEMPLATE ] [ STATIC ],Kinesitherapie | Lit medicalise (1)
Prise en charge non mťdicamenteuse : [ TTT_TEMPLATE ] [ STATIC ],Kinesitherapie | Orthophonie (3)
Prise en charge non mťdicamenteuse : [ TTT_TEMPLATE ] [ STATIC ],Kinesitherapie | Orthophonie | Complements alimentaires | Gastrostomie (1)
Prise en charge non mťdicamenteuse : [ TTT_TEMPLATE ] [ STATIC ],Kinesitherapie | Orthophonie | Gastrostomie (2)
Prise en charge non mťdicamenteuse : [ TTT_TEMPLATE ] [ STATIC ],Kinesitherapie | Orthophonie | Soins infirmiers (1)
Prise en charge non mťdicamenteuse : [ TTT_TEMPLATE ] [ STATIC ],Kinesitherapie | Soins infirmiers (1)
Prise en charge non mťdicamenteuse : [ TTT_TEMPLATE ] [ STATIC ],Lit medicalise | Fauteuil roulant | Appareils de communication | Ergotherapie | Complements alimentaires | Orthophonie | Kinesitherapie | Sonde naso-gastrique (1)
Prise en charge non mťdicamenteuse : [ TTT_TEMPLATE ] [ STATIC ],Orthophonie (3)
Prise en charge non mťdicamenteuse : [ TTT_TEMPLATE ] [ STATIC ],Orthophonie | Complements alimentaires (1)
Prise en charge non mťdicamenteuse : [ TTT_TEMPLATE ] [ STATIC ],Orthophonie | Complements alimentaires | Gastrostomie (1)
Prise en charge non mťdicamenteuse : [ TTT_TEMPLATE ] [ STATIC ],Orthophonie | Gastrostomie (1)
Prise en charge non mťdicamenteuse : [ TTT_TEMPLATE ] [ STATIC ],Orthophonie | Kinesitherapie (1)
Prise en charge non mťdicamenteuse : [ TTT_TEMPLATE ] [ STATIC ],Sonde naso-gastrique (5)
Prise en charge non mťdicamenteuse : [ TTT_TEMPLATE ] [ STATIC ],Sonde naso-gastrique | Gastrostomie (1)
Riluzole : [ RILUZ ] [ STATIC ],Non (3)
Riluzole : [ RILUZ ] [ STATIC ],Oui (847)
Rotulien Droit : [ ROTULIEN_D ] [ STATIC ],aboli ou diminue (8)
Rotulien Droit : [ ROTULIEN_D ] [ STATIC ],normal (9)
Rotulien Droit : [ ROTULIEN_D ] [ STATIC ],present dans un muscle atrophie (6)
Rotulien Droit : [ ROTULIEN_D ] [ STATIC ],"vif, diffuse, polycinetique (43)"
Rotulien Gauche : [ ROTULIEN_G ] [ STATIC ],aboli ou diminue (8)
Rotulien Gauche : [ ROTULIEN_G ] [ STATIC ],normal (9)
Rotulien Gauche : [ ROTULIEN_G ] [ STATIC ],present dans un muscle atrophie (3)
Rotulien Gauche : [ ROTULIEN_G ] [ STATIC ],"vif, diffuse, polycinetique (46)"
Rťflexe cutanť plantaire Droit : [ R_CUT_PLANTAIRE_D ] [ STATIC ],Aboli (11)
Rťflexe cutanť plantaire Droit : [ R_CUT_PLANTAIRE_D ] [ STATIC ],Extension (29)
Rťflexe cutanť plantaire Droit : [ R_CUT_PLANTAIRE_D ] [ STATIC ],Flexion (8)
Rťflexe cutanť plantaire Droit : [ R_CUT_PLANTAIRE_D ] [ STATIC ],Indifferent (10)
Rťflexe cutanť plantaire Gauche : [ R_CUT_PLANTAIRE_G ] [ STATIC ],Aboli (10)
Rťflexe cutanť plantaire Gauche : [ R_CUT_PLANTAIRE_G ] [ STATIC ],Extension (24)
Rťflexe cutanť plantaire Gauche : [ R_CUT_PLANTAIRE_G ] [ STATIC ],Flexion (9)
Rťflexe cutanť plantaire Gauche : [ R_CUT_PLANTAIRE_G ] [ STATIC ],Indifferent (14)
Rťflexe massťterin : [ R_MASSETERIN ] [ STATIC ],Normal (27)
Rťflexe massťterin : [ R_MASSETERIN ] [ STATIC ],Vif (27)
Rťflexe naso palpťbral : [ R_NASO_PALP ] [ STATIC ],Normal (30)
Sexe : [ SEX ] [ STATIC ],Feminin (436)
Sexe : [ SEX ] [ STATIC ],Masculin (477)
"Si Oui, prťciser le type d'activitť physique : [ TYP_ACT_PHYS ] [ STATIC ]",20-30 km de rameurs  soit 80000 km (1)
"Si Oui, prťciser le type d'activitť physique : [ TYP_ACT_PHYS ] [ STATIC ]",Aide soignante (1)
"Si Oui, prťciser le type d'activitť physique : [ TYP_ACT_PHYS ] [ STATIC ]","Aikido 3e Dan, Judo 1e Dan (1)"
"Si Oui, prťciser le type d'activitť physique : [ TYP_ACT_PHYS ] [ STATIC ]",Ancien jardinier (1)
"Si Oui, prťciser le type d'activitť physique : [ TYP_ACT_PHYS ] [ STATIC ]",BASKET a un niveau national jusqu''a 36 ans (1)
"Si Oui, prťciser le type d'activitť physique : [ TYP_ACT_PHYS ] [ STATIC ]",BASKET pendant 20 ans (1)
"Si Oui, prťciser le type d'activitť physique : [ TYP_ACT_PHYS ] [ STATIC ]",BUCHERON (1)
"Si Oui, prťciser le type d'activitť physique : [ TYP_ACT_PHYS ] [ STATIC ]",CHAUFFEUR ROUTIER (1)
"Si Oui, prťciser le type d'activitť physique : [ TYP_ACT_PHYS ] [ STATIC ]",COURSE A PIED (1)
"Si Oui, prťciser le type d'activitť physique : [ TYP_ACT_PHYS ] [ STATIC ]",Compagnies de combat a l''armee-Running (2/SEmaine) (1)
"Si Oui, prťciser le type d'activitť physique : [ TYP_ACT_PHYS ] [ STATIC ]",Danse de salon (1)
"Si Oui, prťciser le type d'activitť physique : [ TYP_ACT_PHYS ] [ STATIC ]",Danse sportive pendant 10 ans. Champion France x2 (1)
"Si Oui, prťciser le type d'activitť physique : [ TYP_ACT_PHYS ] [ STATIC ]",EMPLOYE DE MAIRIE (1)
"Si Oui, prťciser le type d'activitť physique : [ TYP_ACT_PHYS ] [ STATIC ]",Foot en amateur (1)
"Si Oui, prťciser le type d'activitť physique : [ TYP_ACT_PHYS ] [ STATIC ]",Football jusqu''en 1996 (1)
"Si Oui, prťciser le type d'activitť physique : [ TYP_ACT_PHYS ] [ STATIC ]",Football-Velo (competition-8000/an pendant 10 ans) (1)
"Si Oui, prťciser le type d'activitť physique : [ TYP_ACT_PHYS ] [ STATIC ]",Footballeur pro (1)
"Si Oui, prťciser le type d'activitť physique : [ TYP_ACT_PHYS ] [ STATIC ]","Footing, Velo (6_8000 km/an) (1)"
"Si Oui, prťciser le type d'activitť physique : [ TYP_ACT_PHYS ] [ STATIC ]",Gymnastique (1)
"Si Oui, prťciser le type d'activitť physique : [ TYP_ACT_PHYS ] [ STATIC ]",HANDBALL+++ (1)
"Si Oui, prťciser le type d'activitť physique : [ TYP_ACT_PHYS ] [ STATIC ]",Handball j15-40 ans et tennis de 15-48: 8/9h/semaine (1)
"Si Oui, prťciser le type d'activitť physique : [ TYP_ACT_PHYS ] [ STATIC ]",International de Basket (1)
"Si Oui, prťciser le type d'activitť physique : [ TYP_ACT_PHYS ] [ STATIC ]",Militiare: commando mrine pendant 21 ans(Guerre Yougoslavie) (1)
"Si Oui, prťciser le type d'activitť physique : [ TYP_ACT_PHYS ] [ STATIC ]",POMPIER PROFESSIONNEL (1)
"Si Oui, prťciser le type d'activitť physique : [ TYP_ACT_PHYS ] [ STATIC ]",SPORT +++ natation-Velo (1)
"Si Oui, prťciser le type d'activitť physique : [ TYP_ACT_PHYS ] [ STATIC ]",TRIATHLETE en competition (1)
"Si Oui, prťciser le type d'activitť physique : [ TYP_ACT_PHYS ] [ STATIC ]",Tennis ++ pendant 35 ans (1)
"Si Oui, prťciser le type d'activitť physique : [ TYP_ACT_PHYS ] [ STATIC ]",VTT 80km/semaine depuis 10 ans (1)
"Si Oui, prťciser le type d'activitť physique : [ TYP_ACT_PHYS ] [ STATIC ]",VTT et semi-marathon+++ pendant au moins 20 ans (1)
"Si Oui, prťciser le type d'activitť physique : [ TYP_ACT_PHYS ] [ STATIC ]",Velo (3000/an) depuis 1989 marche+++ (1)
"Si Oui, prťciser le type d'activitť physique : [ TYP_ACT_PHYS ] [ STATIC ]",Velo: 11000 km/an depuis l''age de 15 ans. (1)
"Si Oui, prťciser le type d'activitť physique : [ TYP_ACT_PHYS ] [ STATIC ]",activite bucheron en loisir (1)
"Si Oui, prťciser le type d'activitť physique : [ TYP_ACT_PHYS ] [ STATIC ]",agent de service en lycee (1)
"Si Oui, prťciser le type d'activitť physique : [ TYP_ACT_PHYS ] [ STATIC ]",agriculteur (3)
"Si Oui, prťciser le type d'activitť physique : [ TYP_ACT_PHYS ] [ STATIC ]",agricultrice (1)
"Si Oui, prťciser le type d'activitť physique : [ TYP_ACT_PHYS ] [ STATIC ]",ancien nageur en competititon (departmeental et regional) cadet-junior (1)
"Si Oui, prťciser le type d'activitť physique : [ TYP_ACT_PHYS ] [ STATIC ]",artisan dans le batiment (1)
"Si Oui, prťciser le type d'activitť physique : [ TYP_ACT_PHYS ] [ STATIC ]",athletisme-handball-rugby-natation (1)
"Si Oui, prťciser le type d'activitť physique : [ TYP_ACT_PHYS ] [ STATIC ]",aviron a hauit niveau (equipe de France) (1)
"Si Oui, prťciser le type d'activitť physique : [ TYP_ACT_PHYS ] [ STATIC ]","bi-athlon, courses longue duree, 100 km de Millau, raid (1)"
"Si Oui, prťciser le type d'activitť physique : [ TYP_ACT_PHYS ] [ STATIC ]",cyclisme (5000 km/an pendant 40 ans) (1)
"Si Oui, prťciser le type d'activitť physique : [ TYP_ACT_PHYS ] [ STATIC ]",cyclisme pendant 7 ans en amateur a un niveau eleve jusqu''a 20.000 km/an (1)
"Si Oui, prťciser le type d'activitť physique : [ TYP_ACT_PHYS ] [ STATIC ]",cyclisme: 3000-4000/an (1)
"Si Oui, prťciser le type d'activitť physique : [ TYP_ACT_PHYS ] [ STATIC ]",electricien (1)
"Si Oui, prťciser le type d'activitť physique : [ TYP_ACT_PHYS ] [ STATIC ]",emploi d''ASH (1)
"Si Oui, prťciser le type d'activitť physique : [ TYP_ACT_PHYS ] [ STATIC ]",exploitant agricole (1)
"Si Oui, prťciser le type d'activitť physique : [ TYP_ACT_PHYS ] [ STATIC ]",femme au foyer (3 enfants) (1)
"Si Oui, prťciser le type d'activitť physique : [ TYP_ACT_PHYS ] [ STATIC ]",femme de menage (1)
"Si Oui, prťciser le type d'activitť physique : [ TYP_ACT_PHYS ] [ STATIC ]",foot   tennis (1)
"Si Oui, prťciser le type d'activitť physique : [ TYP_ACT_PHYS ] [ STATIC ]","foot, rugby au lycee: velo jrsqu''a 2017 (1)"
"Si Oui, prťciser le type d'activitť physique : [ TYP_ACT_PHYS ] [ STATIC ]","foot, running (1)"
"Si Oui, prťciser le type d'activitť physique : [ TYP_ACT_PHYS ] [ STATIC ]",footballrunning (raid aventure) (1)
"Si Oui, prťciser le type d'activitť physique : [ TYP_ACT_PHYS ] [ STATIC ]",footing X3/semaine (10-15km/sortie) (1)
"Si Oui, prťciser le type d'activitť physique : [ TYP_ACT_PHYS ] [ STATIC ]",hand-footing-tennis de table-natation-2h/j pendant 15-20 ans (1)
"Si Oui, prťciser le type d'activitť physique : [ TYP_ACT_PHYS ] [ STATIC ]",handball a haut niveau en amateur (1)
"Si Oui, prťciser le type d'activitť physique : [ TYP_ACT_PHYS ] [ STATIC ]",jogging-course- athletisme (1)
"Si Oui, prťciser le type d'activitť physique : [ TYP_ACT_PHYS ] [ STATIC ]",kinesitherapeute (1)
"Si Oui, prťciser le type d'activitť physique : [ TYP_ACT_PHYS ] [ STATIC ]",marathon (1/an): VTT: natation (1)
"Si Oui, prťciser le type d'activitť physique : [ TYP_ACT_PHYS ] [ STATIC ]","marathon+++ depuis l''age de 50 ans, cyclisme (5000km/an) (1)"
"Si Oui, prťciser le type d'activitť physique : [ TYP_ACT_PHYS ] [ STATIC ]",marathon-tennis (1)
"Si Oui, prťciser le type d'activitť physique : [ TYP_ACT_PHYS ] [ STATIC ]",marchait toute la journee (5-6 km/j) (1)
"Si Oui, prťciser le type d'activitť physique : [ TYP_ACT_PHYS ] [ STATIC ]",marche+++ (2)
"Si Oui, prťciser le type d'activitť physique : [ TYP_ACT_PHYS ] [ STATIC ]","marche, jogging++++ (1)"
"Si Oui, prťciser le type d'activitť physique : [ TYP_ACT_PHYS ] [ STATIC ]",natation culturisme sport de combat (1)
"Si Oui, prťciser le type d'activitť physique : [ TYP_ACT_PHYS ] [ STATIC ]","natation, Judo, Ski, Velo ++++ (1)"
"Si Oui, prťciser le type d'activitť physique : [ TYP_ACT_PHYS ] [ STATIC ]","natation, velo( 10.000/an) footing (1)"
"Si Oui, prťciser le type d'activitť physique : [ TYP_ACT_PHYS ] [ STATIC ]",natation: 1.5 kmx3/semiane depuis40 ans (1)
"Si Oui, prťciser le type d'activitť physique : [ TYP_ACT_PHYS ] [ STATIC ]",ouvrier sur une chaine de montage automobile (1)
"Si Oui, prťciser le type d'activitť physique : [ TYP_ACT_PHYS ] [ STATIC ]",platrier plaquiste (1)
"Si Oui, prťciser le type d'activitť physique : [ TYP_ACT_PHYS ] [ STATIC ]",policier (1)
"Si Oui, prťciser le type d'activitť physique : [ TYP_ACT_PHYS ] [ STATIC ]",profession magasinier (1)
"Si Oui, prťciser le type d'activitť physique : [ TYP_ACT_PHYS ] [ STATIC ]",professionnelle : aide soignante (1)
"Si Oui, prťciser le type d'activitť physique : [ TYP_ACT_PHYS ] [ STATIC ]",randonnee ++ (1)
"Si Oui, prťciser le type d'activitť physique : [ TYP_ACT_PHYS ] [ STATIC ]",randonnee 15km /semaine +activite prof intense +restaure une maison (1)
"Si Oui, prťciser le type d'activitť physique : [ TYP_ACT_PHYS ] [ STATIC ]",running (20 km/semaine) depuis toujours (1)
"Si Oui, prťciser le type d'activitť physique : [ TYP_ACT_PHYS ] [ STATIC ]",running-musculation (1)
"Si Oui, prťciser le type d'activitť physique : [ TYP_ACT_PHYS ] [ STATIC ]",serveuse dans un restaurant (1)
"Si Oui, prťciser le type d'activitť physique : [ TYP_ACT_PHYS ] [ STATIC ]",soudeur (1)
"Si Oui, prťciser le type d'activitť physique : [ TYP_ACT_PHYS ] [ STATIC ]",sport (1)
"Si Oui, prťciser le type d'activitť physique : [ TYP_ACT_PHYS ] [ STATIC ]","sport  en salle, (1)"
"Si Oui, prťciser le type d'activitť physique : [ TYP_ACT_PHYS ] [ STATIC ]",sport hebdomadaire (1)
"Si Oui, prťciser le type d'activitť physique : [ TYP_ACT_PHYS ] [ STATIC ]","sport pendant 20 ans, gymnastique puis basket. haut niveau amateur (1)"
"Si Oui, prťciser le type d'activitť physique : [ TYP_ACT_PHYS ] [ STATIC ]",sport: X3/semaine jusqu''a 45 ans (1)
"Si Oui, prťciser le type d'activitť physique : [ TYP_ACT_PHYS ] [ STATIC ]",sport: cyclisme 5-6000/an pendant 22 an de competititon (1)
"Si Oui, prťciser le type d'activitť physique : [ TYP_ACT_PHYS ] [ STATIC ]",sportif+++: Golf-Marche (1)
"Si Oui, prťciser le type d'activitť physique : [ TYP_ACT_PHYS ] [ STATIC ]",surf-snowboard-YOGA quotidien (1)
"Si Oui, prťciser le type d'activitť physique : [ TYP_ACT_PHYS ] [ STATIC ]",ultra-trail pendant 10 ans (2003-2013)- Running+++ (1)
"Si Oui, prťciser le type d'activitť physique : [ TYP_ACT_PHYS ] [ STATIC ]",velo (2)
"Si Oui, prťciser le type d'activitť physique : [ TYP_ACT_PHYS ] [ STATIC ]",velo  ski marche (1)
"Si Oui, prťciser le type d'activitť physique : [ TYP_ACT_PHYS ] [ STATIC ]",velo (10.000 km/an au moins 10 ans) (1)
"Si Oui, prťciser le type d'activitť physique : [ TYP_ACT_PHYS ] [ STATIC ]",velo 5000km/an course: 5-10/semaine (1)
"Si Oui, prťciser le type d'activitť physique : [ TYP_ACT_PHYS ] [ STATIC ]",velo+++ jusqu''a 10 000 km/an il y a 30ans (1)
"Si Oui, prťciser le type d'activitť physique : [ TYP_ACT_PHYS ] [ STATIC ]",velo+++ natation++ fitness (1)
"Si Oui, prťciser le type d'activitť physique : [ TYP_ACT_PHYS ] [ STATIC ]",velo++++(8-10.000/an) (1)
"Si Oui, prťciser le type d'activitť physique : [ TYP_ACT_PHYS ] [ STATIC ]","velo, natation (1)"
"Si Oui, prťciser le type d'activitť physique : [ TYP_ACT_PHYS ] [ STATIC ]",vigneron (1)
"Si Oui, prťciser le type d'activitť physique : [ TYP_ACT_PHYS ] [ STATIC ]","viticulteur, 8 km de course a pied par semaine (1)"
"Si dťcŤs liť ŗ une maladie neurodťgťnťrative, prťciser : [ DCD_MERE_NEURO ] [ STATIC ]",DFT plutot: faisait sa lessive a 4.00 (1)
"Si dťcŤs liť ŗ une maladie neurodťgťnťrative, prťciser : [ DCD_MERE_NEURO ] [ STATIC ]",Maladie d'Alzheimer (26)
"Si dťcŤs liť ŗ une maladie neurodťgťnťrative, prťciser : [ DCD_MERE_NEURO ] [ STATIC ]",Parkinson (2)
"Si dťcŤs liť ŗ une maladie neurodťgťnťrative, prťciser : [ DCD_MERE_NEURO ] [ STATIC ]",SEP progressive ? (1)
"Si dťcŤs liť ŗ une maladie neurodťgťnťrative, prťciser : [ DCD_MERE_NEURO ] [ STATIC ]",SLA (7)
"Si dťcŤs liť ŗ une maladie neurodťgťnťrative, prťciser : [ DCD_MERE_NEURO ] [ STATIC ]",Tumeur cerebrale (1)
"Si dťcŤs liť ŗ une maladie neurodťgťnťrative, prťciser : [ DCD_PERE_NEURO ] [ STATIC ]",CJD (1)
"Si dťcŤs liť ŗ une maladie neurodťgťnťrative, prťciser : [ DCD_PERE_NEURO ] [ STATIC ]",DFT (2)
"Si dťcŤs liť ŗ une maladie neurodťgťnťrative, prťciser : [ DCD_PERE_NEURO ] [ STATIC ]",DLFT (1)
"Si dťcŤs liť ŗ une maladie neurodťgťnťrative, prťciser : [ DCD_PERE_NEURO ] [ STATIC ]",Maladie d'Alzheimer (9)
"Si dťcŤs liť ŗ une maladie neurodťgťnťrative, prťciser : [ DCD_PERE_NEURO ] [ STATIC ]",Paralysie (1)
"Si dťcŤs liť ŗ une maladie neurodťgťnťrative, prťciser : [ DCD_PERE_NEURO ] [ STATIC ]",Parkinson (6)
"Si dťcŤs liť ŗ une maladie neurodťgťnťrative, prťciser : [ DCD_PERE_NEURO ] [ STATIC ]",SEP (1)
"Si dťcŤs liť ŗ une maladie neurodťgťnťrative, prťciser : [ DCD_PERE_NEURO ] [ STATIC ]",SLA (7)
"Si dťcŤs liť ŗ une maladie neurodťgťnťrative, prťciser : [ DCD_PERE_NEURO ] [ STATIC ]",SLA? (1)
"Si dťcŤs liť ŗ une maladie neurodťgťnťrative, prťciser : [ DCD_PERE_NEURO ] [ STATIC ]",Tumeur cerebrale (1)
"Si dťcŤs liť ŗ une maladie neurodťgťnťrative, prťciser : [ DCD_PERE_NEURO ] [ STATIC ]",demence senile (1)
Si dťcťdť de maladie autre que neurodťgťnťrative : [ DCD_PERE_AUTRNEURO ] [ STATIC ],AVC (9)
Si dťcťdť de maladie autre que neurodťgťnťrative : [ DCD_PERE_AUTRNEURO ] [ STATIC ],AVC hemorragique (1)
Si dťcťdť de maladie autre que neurodťgťnťrative : [ DCD_PERE_AUTRNEURO ] [ STATIC ],AVP (1)
Si dťcťdť de maladie autre que neurodťgťnťrative : [ DCD_PERE_AUTRNEURO ] [ STATIC ],CANCER ORL (1)
Si dťcťdť de maladie autre que neurodťgťnťrative : [ DCD_PERE_AUTRNEURO ] [ STATIC ],CANCER RENAL (1)
Si dťcťdť de maladie autre que neurodťgťnťrative : [ DCD_PERE_AUTRNEURO ] [ STATIC ],CARDIOPATHIE (2)
Si dťcťdť de maladie autre que neurodťgťnťrative : [ DCD_PERE_AUTRNEURO ] [ STATIC ],CHAGAS (1)
Si dťcťdť de maladie autre que neurodťgťnťrative : [ DCD_PERE_AUTRNEURO ] [ STATIC ],COEUR (1)
Si dťcťdť de maladie autre que neurodťgťnťrative : [ DCD_PERE_AUTRNEURO ] [ STATIC ],Cancer (6)
Si dťcťdť de maladie autre que neurodťgťnťrative : [ DCD_PERE_AUTRNEURO ] [ STATIC ],Cancer de poumon (1)
Si dťcťdť de maladie autre que neurodťgťnťrative : [ DCD_PERE_AUTRNEURO ] [ STATIC ],EP (1)
Si dťcťdť de maladie autre que neurodťgťnťrative : [ DCD_PERE_AUTRNEURO ] [ STATIC ],Guerre (1)
Si dťcťdť de maladie autre que neurodťgťnťrative : [ DCD_PERE_AUTRNEURO ] [ STATIC ],IDM (5)
Si dťcťdť de maladie autre que neurodťgťnťrative : [ DCD_PERE_AUTRNEURO ] [ STATIC ],INFARCTUS MYOCARDE (1)
Si dťcťdť de maladie autre que neurodťgťnťrative : [ DCD_PERE_AUTRNEURO ] [ STATIC ],Infarctus (1)
Si dťcťdť de maladie autre que neurodťgťnťrative : [ DCD_PERE_AUTRNEURO ] [ STATIC ],Infarctus du myocarde (1)
Si dťcťdť de maladie autre que neurodťgťnťrative : [ DCD_PERE_AUTRNEURO ] [ STATIC ],K ORL (1)
Si dťcťdť de maladie autre que neurodťgťnťrative : [ DCD_PERE_AUTRNEURO ] [ STATIC ],K foie (1)
Si dťcťdť de maladie autre que neurodťgťnťrative : [ DCD_PERE_AUTRNEURO ] [ STATIC ],K oesophage (1)
Si dťcťdť de maladie autre que neurodťgťnťrative : [ DCD_PERE_AUTRNEURO ] [ STATIC ],K pancreas (1)
Si dťcťdť de maladie autre que neurodťgťnťrative : [ DCD_PERE_AUTRNEURO ] [ STATIC ],K prostate (1)
Si dťcťdť de maladie autre que neurodťgťnťrative : [ DCD_PERE_AUTRNEURO ] [ STATIC ],Neoplasie ORL (1)
Si dťcťdť de maladie autre que neurodťgťnťrative : [ DCD_PERE_AUTRNEURO ] [ STATIC ],OAP (2)
Si dťcťdť de maladie autre que neurodťgťnťrative : [ DCD_PERE_AUTRNEURO ] [ STATIC ],PERITONITE (1)
Si dťcťdť de maladie autre que neurodťgťnťrative : [ DCD_PERE_AUTRNEURO ] [ STATIC ],Suicide (1)
Si dťcťdť de maladie autre que neurodťgťnťrative : [ DCD_PERE_AUTRNEURO ] [ STATIC ],TS (5)
Si dťcťdť de maladie autre que neurodťgťnťrative : [ DCD_PERE_AUTRNEURO ] [ STATIC ],TUBERCULOSE (1)
Si dťcťdť de maladie autre que neurodťgťnťrative : [ DCD_PERE_AUTRNEURO ] [ STATIC ],TUmeur cerebrale (1)
Si dťcťdť de maladie autre que neurodťgťnťrative : [ DCD_PERE_AUTRNEURO ] [ STATIC ],TVP (1)
Si dťcťdť de maladie autre que neurodťgťnťrative : [ DCD_PERE_AUTRNEURO ] [ STATIC ],Tumeur cerebrale (1)
Si dťcťdť de maladie autre que neurodťgťnťrative : [ DCD_PERE_AUTRNEURO ] [ STATIC ],age (1)
Si dťcťdť de maladie autre que neurodťgťnťrative : [ DCD_PERE_AUTRNEURO ] [ STATIC ],alcool (2)
Si dťcťdť de maladie autre que neurodťgťnťrative : [ DCD_PERE_AUTRNEURO ] [ STATIC ],anevrysme (1)
Si dťcťdť de maladie autre que neurodťgťnťrative : [ DCD_PERE_AUTRNEURO ] [ STATIC ],arteriopathie (2)
Si dťcťdť de maladie autre que neurodťgťnťrative : [ DCD_PERE_AUTRNEURO ] [ STATIC ],avc (1)
Si dťcťdť de maladie autre que neurodťgťnťrative : [ DCD_PERE_AUTRNEURO ] [ STATIC ],avp (1)
Si dťcťdť de maladie autre que neurodťgťnťrative : [ DCD_PERE_AUTRNEURO ] [ STATIC ],bronchopathie (1)
Si dťcťdť de maladie autre que neurodťgťnťrative : [ DCD_PERE_AUTRNEURO ] [ STATIC ],cancer (40)
Si dťcťdť de maladie autre que neurodťgťnťrative : [ DCD_PERE_AUTRNEURO ] [ STATIC ],cancer ORL (4)
Si dťcťdť de maladie autre que neurodťgťnťrative : [ DCD_PERE_AUTRNEURO ] [ STATIC ],cancer amiante (1)
Si dťcťdť de maladie autre que neurodťgťnťrative : [ DCD_PERE_AUTRNEURO ] [ STATIC ],cancer colique (1)
Si dťcťdť de maladie autre que neurodťgťnťrative : [ DCD_PERE_AUTRNEURO ] [ STATIC ],cancer colo rectal (1)
Si dťcťdť de maladie autre que neurodťgťnťrative : [ DCD_PERE_AUTRNEURO ] [ STATIC ],cancer colon (3)
Si dťcťdť de maladie autre que neurodťgťnťrative : [ DCD_PERE_AUTRNEURO ] [ STATIC ],cancer du foie (1)
Si dťcťdť de maladie autre que neurodťgťnťrative : [ DCD_PERE_AUTRNEURO ] [ STATIC ],cancer du poumon (2)
Si dťcťdť de maladie autre que neurodťgťnťrative : [ DCD_PERE_AUTRNEURO ] [ STATIC ],cancer f oie (1)
Si dťcťdť de maladie autre que neurodťgťnťrative : [ DCD_PERE_AUTRNEURO ] [ STATIC ],cancer foie (3)
Si dťcťdť de maladie autre que neurodťgťnťrative : [ DCD_PERE_AUTRNEURO ] [ STATIC ],cancer oesophage (1)
Si dťcťdť de maladie autre que neurodťgťnťrative : [ DCD_PERE_AUTRNEURO ] [ STATIC ],cancer pancreas (3)
Si dťcťdť de maladie autre que neurodťgťnťrative : [ DCD_PERE_AUTRNEURO ] [ STATIC ],cancer plueral (1)
Si dťcťdť de maladie autre que neurodťgťnťrative : [ DCD_PERE_AUTRNEURO ] [ STATIC ],cancer poumon (4)
Si dťcťdť de maladie autre que neurodťgťnťrative : [ DCD_PERE_AUTRNEURO ] [ STATIC ],cancer prostate (3)
Si dťcťdť de maladie autre que neurodťgťnťrative : [ DCD_PERE_AUTRNEURO ] [ STATIC ],cancer rectum (1)
Si dťcťdť de maladie autre que neurodťgťnťrative : [ DCD_PERE_AUTRNEURO ] [ STATIC ],"cancer""de la farine"" (1)"
Si dťcťdť de maladie autre que neurodťgťnťrative : [ DCD_PERE_AUTRNEURO ] [ STATIC ],cirrhose (3)
Si dťcťdť de maladie autre que neurodťgťnťrative : [ DCD_PERE_AUTRNEURO ] [ STATIC ],cirrhose medicamenteuse (1)
Si dťcťdť de maladie autre que neurodťgťnťrative : [ DCD_PERE_AUTRNEURO ] [ STATIC ],coeur (24)
Si dťcťdť de maladie autre que neurodťgťnťrative : [ DCD_PERE_AUTRNEURO ] [ STATIC ],coeur-diabete (1)
Si dťcťdť de maladie autre que neurodťgťnťrative : [ DCD_PERE_AUTRNEURO ] [ STATIC ],crise d''epilepsie (1)
Si dťcťdť de maladie autre que neurodťgťnťrative : [ DCD_PERE_AUTRNEURO ] [ STATIC ],crise uremique (1)
Si dťcťdť de maladie autre que neurodťgťnťrative : [ DCD_PERE_AUTRNEURO ] [ STATIC ],"dans son sommeil, vieillesse (1)"
Si dťcťdť de maladie autre que neurodťgťnťrative : [ DCD_PERE_AUTRNEURO ] [ STATIC ],diabete (4)
Si dťcťdť de maladie autre que neurodťgťnťrative : [ DCD_PERE_AUTRNEURO ] [ STATIC ],diabete de type II (1)
Si dťcťdť de maladie autre que neurodťgťnťrative : [ DCD_PERE_AUTRNEURO ] [ STATIC ],goutte (1)
Si dťcťdť de maladie autre que neurodťgťnťrative : [ DCD_PERE_AUTRNEURO ] [ STATIC ],hemorragie hepatique (1)
Si dťcťdť de maladie autre que neurodťgťnťrative : [ DCD_PERE_AUTRNEURO ] [ STATIC ],infarctus du myocarde (1)
Si dťcťdť de maladie autre que neurodťgťnťrative : [ DCD_PERE_AUTRNEURO ] [ STATIC ],insuffisance cardiaque (1)
Si dťcťdť de maladie autre que neurodťgťnťrative : [ DCD_PERE_AUTRNEURO ] [ STATIC ],leucemie (5)
Si dťcťdť de maladie autre que neurodťgťnťrative : [ DCD_PERE_AUTRNEURO ] [ STATIC ],lipome (1)
Si dťcťdť de maladie autre que neurodťgťnťrative : [ DCD_PERE_AUTRNEURO ] [ STATIC ],lymphome (1)
Si dťcťdť de maladie autre que neurodťgťnťrative : [ DCD_PERE_AUTRNEURO ] [ STATIC ],maladie cardiaque (1)
Si dťcťdť de maladie autre que neurodťgťnťrative : [ DCD_PERE_AUTRNEURO ] [ STATIC ],myelome (2)
Si dťcťdť de maladie autre que neurodťgťnťrative : [ DCD_PERE_AUTRNEURO ] [ STATIC ],neo du rein (1)
Si dťcťdť de maladie autre que neurodťgťnťrative : [ DCD_PERE_AUTRNEURO ] [ STATIC ],neo pancreas (1)
Si dťcťdť de maladie autre que neurodťgťnťrative : [ DCD_PERE_AUTRNEURO ] [ STATIC ],neoplasie (1)
Si dťcťdť de maladie autre que neurodťgťnťrative : [ DCD_PERE_AUTRNEURO ] [ STATIC ],neoplasie poumon (1)
Si dťcťdť de maladie autre que neurodťgťnťrative : [ DCD_PERE_AUTRNEURO ] [ STATIC ],occlusion (1)
Si dťcťdť de maladie autre que neurodťgťnťrative : [ DCD_PERE_AUTRNEURO ] [ STATIC ],pneumonie (2)
Si dťcťdť de maladie autre que neurodťgťnťrative : [ DCD_PERE_AUTRNEURO ] [ STATIC ],pneumopathie (1)
Si dťcťdť de maladie autre que neurodťgťnťrative : [ DCD_PERE_AUTRNEURO ] [ STATIC ],poumon (1)
Si dťcťdť de maladie autre que neurodťgťnťrative : [ DCD_PERE_AUTRNEURO ] [ STATIC ],silicose (1)
Si dťcťdť de maladie autre que neurodťgťnťrative : [ DCD_PERE_AUTRNEURO ] [ STATIC ],suicide (2)
Si dťcťdť de maladie autre que neurodťgťnťrative : [ DCD_PERE_AUTRNEURO ] [ STATIC ],suite AVC (1)
Si dťcťdť de maladie autre que neurodťgťnťrative : [ DCD_PERE_AUTRNEURO ] [ STATIC ],suite de la guerre (1)
Si dťcťdť de maladie autre que neurodťgťnťrative : [ DCD_PERE_AUTRNEURO ] [ STATIC ],surdosage medicament (1)
Si dťcťdť de maladie autre que neurodťgťnťrative : [ DCD_PERE_AUTRNEURO ] [ STATIC ],tabac+++ (1)
Si dťcťdť de maladie autre que neurodťgťnťrative : [ DCD_PERE_AUTRNEURO ] [ STATIC ],troubles respiratoires (1)
Si dťcťdť de maladie autre que neurodťgťnťrative : [ DCD_PERE_AUTRNEURO ] [ STATIC ],tuberculose (2)
Si dťcťdť de maladie autre que neurodťgťnťrative : [ DCD_PERE_AUTRNEURO ] [ STATIC ],tumeur cerebrale (2)
Si dťcťdť de maladie autre que neurodťgťnťrative : [ DCD_PERE_AUTRNEURO ] [ STATIC ],ulcere estomac (1)
Si dťcťdť de maladie autre que neurodťgťnťrative : [ DCD_PERE_AUTRNEURO ] [ STATIC ],ulceres (1)
Si dťcťdť de maladie autre que neurodťgťnťrative : [ DCD_PERE_AUTRNEURO ] [ STATIC ],uree (1)
Si dťcťdť de maladie autre que neurodťgťnťrative : [ DCD_PERE_AUTRNEURO ] [ STATIC ],veillesse (1)
Si dťcťdť de maladie autre que neurodťgťnťrative : [ DCD_PERE_AUTRNEURO ] [ STATIC ],vieillesse (5)
Si dťcťdťe de maladie autre que neurodťgťnťrative : [ DCD_MERE_AUTRNEURO ] [ STATIC ],AVC (16)
Si dťcťdťe de maladie autre que neurodťgťnťrative : [ DCD_MERE_AUTRNEURO ] [ STATIC ],AVP (1)
Si dťcťdťe de maladie autre que neurodťgťnťrative : [ DCD_MERE_AUTRNEURO ] [ STATIC ],Alzheimer (1)
Si dťcťdťe de maladie autre que neurodťgťnťrative : [ DCD_MERE_AUTRNEURO ] [ STATIC ],CANCER (1)
Si dťcťdťe de maladie autre que neurodťgťnťrative : [ DCD_MERE_AUTRNEURO ] [ STATIC ],CANCER COLON (1)
Si dťcťdťe de maladie autre que neurodťgťnťrative : [ DCD_MERE_AUTRNEURO ] [ STATIC ],CANCER VESSIE (1)
Si dťcťdťe de maladie autre que neurodťgťnťrative : [ DCD_MERE_AUTRNEURO ] [ STATIC ],COVID (1)
Si dťcťdťe de maladie autre que neurodťgťnťrative : [ DCD_MERE_AUTRNEURO ] [ STATIC ],COVID? (2)
Si dťcťdťe de maladie autre que neurodťgťnťrative : [ DCD_MERE_AUTRNEURO ] [ STATIC ],CROHN (1)
Si dťcťdťe de maladie autre que neurodťgťnťrative : [ DCD_MERE_AUTRNEURO ] [ STATIC ],Cancer (2)
Si dťcťdťe de maladie autre que neurodťgťnťrative : [ DCD_MERE_AUTRNEURO ] [ STATIC ],Cancer du sein (1)
Si dťcťdťe de maladie autre que neurodťgťnťrative : [ DCD_MERE_AUTRNEURO ] [ STATIC ],Cancer oesophage (1)
Si dťcťdťe de maladie autre que neurodťgťnťrative : [ DCD_MERE_AUTRNEURO ] [ STATIC ],Coeur (1)
Si dťcťdťe de maladie autre que neurodťgťnťrative : [ DCD_MERE_AUTRNEURO ] [ STATIC ],EP (3)
Si dťcťdťe de maladie autre que neurodťgťnťrative : [ DCD_MERE_AUTRNEURO ] [ STATIC ],Embolie Pulmonaire (1)
Si dťcťdťe de maladie autre que neurodťgťnťrative : [ DCD_MERE_AUTRNEURO ] [ STATIC ],Embolie pulmonaire (1)
Si dťcťdťe de maladie autre que neurodťgťnťrative : [ DCD_MERE_AUTRNEURO ] [ STATIC ],HTA (1)
Si dťcťdťe de maladie autre que neurodťgťnťrative : [ DCD_MERE_AUTRNEURO ] [ STATIC ],IDM (3)
Si dťcťdťe de maladie autre que neurodťgťnťrative : [ DCD_MERE_AUTRNEURO ] [ STATIC ],K pancreas (1)
Si dťcťdťe de maladie autre que neurodťgťnťrative : [ DCD_MERE_AUTRNEURO ] [ STATIC ],K sein (1)
Si dťcťdťe de maladie autre que neurodťgťnťrative : [ DCD_MERE_AUTRNEURO ] [ STATIC ],PR (1)
Si dťcťdťe de maladie autre que neurodťgťnťrative : [ DCD_MERE_AUTRNEURO ] [ STATIC ],SUICIDE (1)
Si dťcťdťe de maladie autre que neurodťgťnťrative : [ DCD_MERE_AUTRNEURO ] [ STATIC ],TS (1)
Si dťcťdťe de maladie autre que neurodťgťnťrative : [ DCD_MERE_AUTRNEURO ] [ STATIC ],Tumeur cerebrale (1)
Si dťcťdťe de maladie autre que neurodťgťnťrative : [ DCD_MERE_AUTRNEURO ] [ STATIC ],Tumeur pancreas (1)
Si dťcťdťe de maladie autre que neurodťgťnťrative : [ DCD_MERE_AUTRNEURO ] [ STATIC ],VIEILLESSE (1)
Si dťcťdťe de maladie autre que neurodťgťnťrative : [ DCD_MERE_AUTRNEURO ] [ STATIC ],Vaquez (1)
Si dťcťdťe de maladie autre que neurodťgťnťrative : [ DCD_MERE_AUTRNEURO ] [ STATIC ],alccol (1)
Si dťcťdťe de maladie autre que neurodťgťnťrative : [ DCD_MERE_AUTRNEURO ] [ STATIC ],"alzheimer debut a 80 ans, embolie pulmonaire (1)"
Si dťcťdťe de maladie autre que neurodťgťnťrative : [ DCD_MERE_AUTRNEURO ] [ STATIC ],anevrysme (1)
Si dťcťdťe de maladie autre que neurodťgťnťrative : [ DCD_MERE_AUTRNEURO ] [ STATIC ],arteriopathie (4)
Si dťcťdťe de maladie autre que neurodťgťnťrative : [ DCD_MERE_AUTRNEURO ] [ STATIC ],cacner de l''endometre (1)
Si dťcťdťe de maladie autre que neurodťgťnťrative : [ DCD_MERE_AUTRNEURO ] [ STATIC ],cancer (27)
Si dťcťdťe de maladie autre que neurodťgťnťrative : [ DCD_MERE_AUTRNEURO ] [ STATIC ],cancer de l''endometre (1)
Si dťcťdťe de maladie autre que neurodťgťnťrative : [ DCD_MERE_AUTRNEURO ] [ STATIC ],cancer du foie (2)
Si dťcťdťe de maladie autre que neurodťgťnťrative : [ DCD_MERE_AUTRNEURO ] [ STATIC ],cancer du pancreas (1)
Si dťcťdťe de maladie autre que neurodťgťnťrative : [ DCD_MERE_AUTRNEURO ] [ STATIC ],cancer du sein (2)
Si dťcťdťe de maladie autre que neurodťgťnťrative : [ DCD_MERE_AUTRNEURO ] [ STATIC ],cancer estomac (1)
Si dťcťdťe de maladie autre que neurodťgťnťrative : [ DCD_MERE_AUTRNEURO ] [ STATIC ],cancer foie (1)
Si dťcťdťe de maladie autre que neurodťgťnťrative : [ DCD_MERE_AUTRNEURO ] [ STATIC ],cancer ovaire (1)
Si dťcťdťe de maladie autre que neurodťgťnťrative : [ DCD_MERE_AUTRNEURO ] [ STATIC ],cancer pancreas (4)
Si dťcťdťe de maladie autre que neurodťgťnťrative : [ DCD_MERE_AUTRNEURO ] [ STATIC ],cancer poumon (1)
Si dťcťdťe de maladie autre que neurodťgťnťrative : [ DCD_MERE_AUTRNEURO ] [ STATIC ],cancer sein (1)
Si dťcťdťe de maladie autre que neurodťgťnťrative : [ DCD_MERE_AUTRNEURO ] [ STATIC ],cancer uterus (1)
Si dťcťdťe de maladie autre que neurodťgťnťrative : [ DCD_MERE_AUTRNEURO ] [ STATIC ],cancer vessie (1)
Si dťcťdťe de maladie autre que neurodťgťnťrative : [ DCD_MERE_AUTRNEURO ] [ STATIC ],cirrhose medicament (1)
Si dťcťdťe de maladie autre que neurodťgťnťrative : [ DCD_MERE_AUTRNEURO ] [ STATIC ],coeur (19)
Si dťcťdťe de maladie autre que neurodťgťnťrative : [ DCD_MERE_AUTRNEURO ] [ STATIC ],diabete (3)
Si dťcťdťe de maladie autre que neurodťgťnťrative : [ DCD_MERE_AUTRNEURO ] [ STATIC ],eSCARRE (1)
Si dťcťdťe de maladie autre que neurodťgťnťrative : [ DCD_MERE_AUTRNEURO ] [ STATIC ],embolie pulmonaire (1)
Si dťcťdťe de maladie autre que neurodťgťnťrative : [ DCD_MERE_AUTRNEURO ] [ STATIC ],hepatite (1)
Si dťcťdťe de maladie autre que neurodťgťnťrative : [ DCD_MERE_AUTRNEURO ] [ STATIC ],infection (1)
Si dťcťdťe de maladie autre que neurodťgťnťrative : [ DCD_MERE_AUTRNEURO ] [ STATIC ],insuffisance cardiaque (1)
Si dťcťdťe de maladie autre que neurodťgťnťrative : [ DCD_MERE_AUTRNEURO ] [ STATIC ],leucemie (3)
Si dťcťdťe de maladie autre que neurodťgťnťrative : [ DCD_MERE_AUTRNEURO ] [ STATIC ],liee au meningiome (1)
Si dťcťdťe de maladie autre que neurodťgťnťrative : [ DCD_MERE_AUTRNEURO ] [ STATIC ],lymphome (1)
Si dťcťdťe de maladie autre que neurodťgťnťrative : [ DCD_MERE_AUTRNEURO ] [ STATIC ],mort brutale (1)
Si dťcťdťe de maladie autre que neurodťgťnťrative : [ DCD_MERE_AUTRNEURO ] [ STATIC ],neoplasie (2)
Si dťcťdťe de maladie autre que neurodťgťnťrative : [ DCD_MERE_AUTRNEURO ] [ STATIC ],pathologie cardio respiratoire (1)
Si dťcťdťe de maladie autre que neurodťgťnťrative : [ DCD_MERE_AUTRNEURO ] [ STATIC ],plaie variqueuse (1)
Si dťcťdťe de maladie autre que neurodťgťnťrative : [ DCD_MERE_AUTRNEURO ] [ STATIC ],pneumonie (1)
Si dťcťdťe de maladie autre que neurodťgťnťrative : [ DCD_MERE_AUTRNEURO ] [ STATIC ],polyarthrite rhumatoide (1)
Si dťcťdťe de maladie autre que neurodťgťnťrative : [ DCD_MERE_AUTRNEURO ] [ STATIC ],polypes intestin (1)
Si dťcťdťe de maladie autre que neurodťgťnťrative : [ DCD_MERE_AUTRNEURO ] [ STATIC ],post op (1)
Si dťcťdťe de maladie autre que neurodťgťnťrative : [ DCD_MERE_AUTRNEURO ] [ STATIC ],poumon (2)
Si dťcťdťe de maladie autre que neurodťgťnťrative : [ DCD_MERE_AUTRNEURO ] [ STATIC ],rein (1)
Si dťcťdťe de maladie autre que neurodťgťnťrative : [ DCD_MERE_AUTRNEURO ] [ STATIC ],septicemie (1)
Si dťcťdťe de maladie autre que neurodťgťnťrative : [ DCD_MERE_AUTRNEURO ] [ STATIC ],suicide (1)
Si dťcťdťe de maladie autre que neurodťgťnťrative : [ DCD_MERE_AUTRNEURO ] [ STATIC ],tuberculose (3)
Si dťcťdťe de maladie autre que neurodťgťnťrative : [ DCD_MERE_AUTRNEURO ] [ STATIC ],vieillesse (19)
Si dťcťdťe de maladie autre que neurodťgťnťrative : [ DCD_MERE_AUTRNEURO ] [ STATIC ],viellesse (1)
Soins infirmiers : [ TTT_SOINS ] [ STATIC ],Non (30)
Soins infirmiers : [ TTT_SOINS ] [ STATIC ],Oui (4)
Sonde naso-gastrique : [ TTT_SONDE ] [ STATIC ],Non (33)
Sonde naso-gastrique : [ TTT_SONDE ] [ STATIC ],Oui (14)
Stylo Radial Droit : [ STYLO_RADIAL_D ] [ STATIC ],aboli ou diminue (9)
Stylo Radial Droit : [ STYLO_RADIAL_D ] [ STATIC ],normal (15)
Stylo Radial Droit : [ STYLO_RADIAL_D ] [ STATIC ],present dans un muscle atrophie (3)
Stylo Radial Droit : [ STYLO_RADIAL_D ] [ STATIC ],"vif, diffuse, polycinetique (39)"
Stylo Radial Gauche : [ STYLO_RADIAL_G ] [ STATIC ],aboli ou diminue (9)
Stylo Radial Gauche : [ STYLO_RADIAL_G ] [ STATIC ],normal (13)
Stylo Radial Gauche : [ STYLO_RADIAL_G ] [ STATIC ],present dans un muscle atrophie (2)
Stylo Radial Gauche : [ STYLO_RADIAL_G ] [ STATIC ],"vif, diffuse, polycinetique (42)"
Trachťotomie : [ TTT_TRACH ] [ STATIC ],Non (48)
Trachťotomie : [ TTT_TRACH ] [ STATIC ],Oui (9)
Traitement non mťdicamenteux : [ TTT_NOMEDQ ] [ STATIC ],Non (9)
Traitement non mťdicamenteux : [ TTT_NOMEDQ ] [ STATIC ],Oui (366)
Traitements symptomatiques : [ TTTSYMPT ] [ STATIC ],Non (13)
Traitements symptomatiques : [ TTTSYMPT ] [ STATIC ],Oui (88)
Traitements ťtiologiques : [ TTTETIOL ] [ STATIC ],Non (2)
Traitements ťtiologiques : [ TTTETIOL ] [ STATIC ],Oui (851)
Tricipital Droit : [ TRICIPITAL_D ] [ STATIC ],aboli ou diminue (9)
Tricipital Droit : [ TRICIPITAL_D ] [ STATIC ],normal (14)
Tricipital Droit : [ TRICIPITAL_D ] [ STATIC ],present dans un muscle atrophie (6)
Tricipital Droit : [ TRICIPITAL_D ] [ STATIC ],"vif, diffuse, polycinetique (37)"
Tricipital Gauche : [ TRICIPITAL_G ] [ STATIC ],aboli ou diminue (10)
Tricipital Gauche : [ TRICIPITAL_G ] [ STATIC ],normal (14)
Tricipital Gauche : [ TRICIPITAL_G ] [ STATIC ],present dans un muscle atrophie (6)
Tricipital Gauche : [ TRICIPITAL_G ] [ STATIC ],"vif, diffuse, polycinetique (36)"
Tronc : [ TRONC ] [ STATIC ],nulle (35)
Tronc : [ TRONC ] [ STATIC ],presente (11)
Type de gastrostomie : [ TYPE_GASTRO ] [ STATIC ],Chirurgicale (8)
Type de gastrostomie : [ TYPE_GASTRO ] [ STATIC ],Sonde percutanee (123)
VNI : [ TTT_VNI ] [ STATIC ],Non (45)
VNI : [ TTT_VNI ] [ STATIC ],Oui (265)
Vitamine E : [ VIT_E ] [ STATIC ],Non (5)
Vitamine E : [ VIT_E ] [ STATIC ],Oui (102)
cause_deces [ STATIC ],Inconnue (73)
cause_deces [ STATIC ],Liee a la SLA (420)
cause_deces [ STATIC ],Liťe ŗ la SLA (2)
cause_deces [ STATIC ],Non liee a la SLA (21)
cause_lie_sla [ STATIC ],Autre cause (6)
cause_lie_sla [ STATIC ],Chute avec mort secondaire (1)
cause_lie_sla [ STATIC ],Embolie pulmonaire (4)
cause_lie_sla [ STATIC ],Fausse route (3)
cause_lie_sla [ STATIC ],Insuffisance respiratoire (325)
cause_lie_sla [ STATIC ],Mort subite (4)
cause_lie_sla [ STATIC ],Phase terminale (27)
cause_lie_sla [ STATIC ],Syndrome de renutrition (1)
